iter	Logloss
0	0.6930304533
1	0.6906754999
2	0.6883500017
3	0.6860773642
4	0.6837911224
5	0.6815334101
6	0.6794084985
7	0.6793116236
8	0.6771804863
9	0.6750411403
10	0.6729937017
11	0.6728431518
12	0.6727531359
13	0.6726653146
14	0.6707549467
15	0.6687248567
16	0.6667576127
17	0.6648575576
18	0.6645459997
19	0.6639799131
20	0.661977389
